Entity,Day,"Cases"
Peru,2020-03-01,0
Peru,2020-03-02,0
Peru,2020-03-03,0
Peru,2020-03-04,0
Peru,2020-03-05,0
Peru,2020-03-06,0
Peru,2020-03-07,0.038407695
Peru,2020-03-08,0.038407695
Peru,2020-03-09,0.046942737
Peru,2020-03-10,0.05547778
Peru,2020-03-11,0.064012825
Peru,2020-03-12,0.07254787
Peru,2020-03-13,0.11095556
Peru,2020-03-14,0.098152995
Peru,2020-03-15,0.16216582
Peru,2020-03-16,0.2731214
Peru,2020-03-17,0.32859915
Peru,2020-03-18,0.4523573
Peru,2020-03-19,0.9260522
Peru,2020-03-20,0.88764447
Peru,2020-03-21,1.2205112
Peru,2020-03-22,1.1564983
Peru,2020-03-23,1.0370078
Peru,2020-03-24,1.3015941
Peru,2020-03-25,1.2589189
Peru,2020-03-26,1.0498103
Peru,2020-03-27,1.4765625
Peru,2020-03-28,1.1180906
Peru,2020-03-29,1.3528043
Peru,2020-03-30,1.5064352
Peru,2020-03-31,1.9502574
Peru,2020-04-01,2.7696216
Peru,2020-04-02,3.5975208
Peru,2020-04-03,3.1707685
Peru,2020-04-04,3.559113
Peru,2020-04-05,4.096821
Peru,2020-04-06,4.587586
Peru,2020-04-07,6.0982885
Peru,2020-04-08,6.3842125
Peru,2020-04-09,6.9603276
Peru,2020-04-10,12.883648
Peru,2020-04-11,16.395819
Peru,2020-04-12,18.358877
Peru,2020-04-13,21.772896
Peru,2020-04-14,22.35328
Peru,2020-04-15,21.158373
Peru,2020-04-16,31.362017
Peru,2020-04-17,30.440231
Peru,2020-04-18,35.134506
Peru,2020-04-19,32.399025
Peru,2020-04-20,32.313675
Peru,2020-04-21,34.60533
Peru,2020-04-22,37.579796
Peru,2020-04-23,32.15151
Peru,2020-04-24,33.17998
Peru,2020-04-25,31.686348
Peru,2020-04-26,34.81871
Peru,2020-04-27,46.562927
Peru,2020-04-28,50.736565
Peru,2020-04-29,52.806313
Peru,2020-04-30,56.984215
Peru,2020-05-01,62.651485
Peru,2020-05-02,68.54493
Peru,2020-05-03,80.27635
Peru,2020-05-04,73.41418
Peru,2020-05-05,78.56934
Peru,2020-05-06,79.68743
Peru,2020-05-07,85.34617
Peru,2020-05-08,89.131454
Peru,2020-05-09,91.96509
Peru,2020-05-10,91.27375
Peru,2020-05-11,95.938156
Peru,2020-05-12,91.235344
Peru,2020-05-13,91.53834
Peru,2020-05-14,89.06318
Peru,2020-05-15,91.70477
Peru,2020-05-16,94.218346
Peru,2020-05-17,96.65083
Peru,2020-05-18,100.39771
Peru,2020-05-19,106.542946
Peru,2020-05-20,111.42926
Peru,2020-05-21,117.03252
Peru,2020-05-22,118.270096
Peru,2020-05-23,120.19475
Peru,2020-05-24,116.08939
Peru,2020-05-25,116.132065
Peru,2020-05-26,118.150604
Peru,2020-05-27,123.95443
Peru,2020-05-28,129.16934
Peru,2020-05-29,136.06993
Peru,2020-05-30,140.8709
Peru,2020-05-31,156.13582
Peru,2020-06-01,170.34666
Peru,2020-06-02,189.97726
Peru,2020-06-03,196.56204
Peru,2020-06-04,192.60605
Peru,2020-06-05,183.54184
Peru,2020-06-06,176.75648
Peru,2020-06-07,166.9241
Peru,2020-06-08,154.00206
Peru,2020-06-09,136.72713
Peru,2020-06-10,126.56189
Peru,2020-06-11,123.12653
Peru,2020-06-12,127.63731
Peru,2020-06-13,134.811
Peru,2020-06-14,142.31758
Peru,2020-06-15,142.42427
Peru,2020-06-16,141.77133
Peru,2020-06-17,142.0914
Peru,2020-06-18,142.62057
Peru,2020-06-19,136.92343
Peru,2020-06-20,126.31864
Peru,2020-06-21,115.97417
Peru,2020-06-22,111.83467
Peru,2020-06-23,107.54154
Peru,2020-06-24,104.36224
Peru,2020-06-25,100.943954
Peru,2020-06-26,101.48593
Peru,2020-06-27,103.33377
Peru,2020-06-28,104.29396
Peru,2020-06-29,105.19868
Peru,2020-06-30,104.481735
Peru,2020-07-01,106.338104
Peru,2020-07-02,104.14033
Peru,2020-07-03,101.51581
Peru,2020-07-04,99.86854
Peru,2020-07-05,99.15587
Peru,2020-07-06,98.54134
Peru,2020-07-07,99.428986
Peru,2020-07-08,99.59542
Peru,2020-07-09,102.69791
Peru,2020-07-10,104.27262
Peru,2020-07-11,104.3153
Peru,2020-07-12,102.62109
Peru,2020-07-13,100.84154
Peru,2020-07-14,100.74765
Peru,2020-07-15,104.212875
Peru,2020-07-16,104.93409
Peru,2020-07-17,105.890015
Peru,2020-07-18,107.27696
Peru,2020-07-19,110.4904
Peru,2020-07-20,114.326904
Peru,2020-07-21,116.34971
Peru,2020-07-22,117.60436
Peru,2020-07-23,120.42946
Peru,2020-07-24,123.01558
Peru,2020-07-25,125.93456
Peru,2020-07-26,129.83508
Peru,2020-07-27,129.66438
Peru,2020-07-28,133.17654
Peru,2020-07-29,136.71432
Peru,2020-07-30,140.47827
Peru,2020-07-31,145.66331
Peru,2020-08-01,155.32072
Peru,2020-08-02,165.46889
Peru,2020-08-03,180.5119
Peru,2020-08-04,187.99713
Peru,2020-08-05,185.1379
Peru,2020-08-06,191.54771
Peru,2020-08-07,200.32173
Peru,2020-08-08,204.48683
Peru,2020-08-09,209.70601
Peru,2020-08-10,208.37881
Peru,2020-08-11,209.8511
Peru,2020-08-12,213.5169
Peru,2020-08-13,212.4799
Peru,2020-08-14,217.34915
Peru,2020-08-15,224.41615
Peru,2020-08-16,223.70775
Peru,2020-08-17,233.82178
Peru,2020-08-18,247.18338
Peru,2020-08-19,249.05257
Peru,2020-08-20,254.51926
Peru,2020-08-21,255.47519
Peru,2020-08-22,252.05263
Peru,2020-08-23,255.07404
Peru,2020-08-24,253.6316
Peru,2020-08-25,249.13791
Peru,2020-08-26,251.54906
Peru,2020-08-27,247.77658
Peru,2020-08-28,234.53445
Peru,2020-08-29,234.4491
Peru,2020-08-30,229.9938
Peru,2020-08-31,231.29541
Peru,2020-09-01,225.49585
Peru,2020-09-02,220.19984
Peru,2020-09-03,212.2964
Peru,2020-09-04,213.62787
Peru,2020-09-05,205.47263
Peru,2020-09-06,200.0913
Peru,2020-09-07,188.91039
Peru,2020-09-08,182.69687
Peru,2020-09-09,168.72926
Peru,2020-09-10,166.69366
Peru,2020-09-11,167.88004
Peru,2020-09-12,170.368
Peru,2020-09-13,169.94125
Peru,2020-09-14,166.98813
Peru,2020-09-15,169.1731
Peru,2020-09-16,180.45215
Peru,2020-09-17,178.51044
Peru,2020-09-18,177.63132
Peru,2020-09-19,170.83316
Peru,2020-09-20,169.59984
Peru,2020-09-21,170.84169
Peru,2020-09-22,167.61118
Peru,2020-09-23,166.58698
Peru,2020-09-24,164.41054
Peru,2020-09-25,163.42474
Peru,2020-09-26,165.7164
Peru,2020-09-27,162.89984
Peru,2020-09-28,159.0804
Peru,2020-09-29,155.36766
Peru,2020-09-30,152.8541
Peru,2020-10-01,150.31065
Peru,2020-10-02,137.13254
Peru,2020-10-03,125.32431
Peru,2020-10-04,115.13773
Peru,2020-10-05,106.01804
Peru,2020-10-06,97.58542
Peru,2020-10-07,90.8342
Peru,2020-10-08,90.30502
Peru,2020-10-09,88.90528
Peru,2020-10-10,86.70324
Peru,2020-10-11,92.99356
Peru,2020-10-12,90.05751
Peru,2020-10-13,90.479996
Peru,2020-10-14,90.35197
Peru,2020-10-15,89.80999
Peru,2020-10-16,90.851265
Peru,2020-10-17,90.15566
Peru,2020-10-18,81.347496
Peru,2020-10-19,83.05024
Peru,2020-10-20,82.38023
Peru,2020-10-21,84.091515
Peru,2020-10-22,85.96496
Peru,2020-10-23,85.06878
Peru,2020-10-24,85.93082
Peru,2020-10-25,88.33343
Peru,2020-10-26,88.18833
Peru,2020-10-27,85.52113
Peru,2020-10-28,84.06164
Peru,2020-10-29,78.43278
Peru,2020-10-30,76.99889
Peru,2020-10-31,75.611946
Peru,2020-11-01,72.82099
Peru,2020-11-02,69.51366
Peru,2020-11-03,69.11678
Peru,2020-11-04,68.156586
Peru,2020-11-05,70.00869
Peru,2020-11-06,71.946144
Peru,2020-11-07,73.09411
Peru,2020-11-08,73.92628
Peru,2020-11-09,74.7115
Peru,2020-11-10,74.34876
Peru,2020-11-11,72.471054
Peru,2020-11-12,70.537865
Peru,2020-11-13,69.214935
Peru,2020-11-14,66.2106
Peru,2020-11-15,64.64015
Peru,2020-11-16,63.53913
Peru,2020-11-17,62.638683
Peru,2020-11-18,62.907536
Peru,2020-11-19,61.879063
Peru,2020-11-20,59.51059
Peru,2020-11-21,58.379696
Peru,2020-11-22,57.34269
Peru,2020-11-23,56.25447
Peru,2020-11-24,54.022556
Peru,2020-11-25,52.443573
Peru,2020-11-26,53.378162
Peru,2020-11-27,53.378162
Peru,2020-11-28,53.045296
Peru,2020-11-29,52.22166
Peru,2020-11-30,52.43504
Peru,2020-12-01,54.88033
Peru,2020-12-02,55.68262
Peru,2020-12-03,54.577335
Peru,2020-12-04,53.839054
Peru,2020-12-05,53.339752
Peru,2020-12-06,53.49765
Peru,2020-12-07,52.575867
Peru,2020-12-08,48.57293
Peru,2020-12-09,49.12344
Peru,2020-12-10,48.619873
Peru,2020-12-11,43.68662
Peru,2020-12-12,43.80611
Peru,2020-12-13,43.02942
Peru,2020-12-14,44.198723
Peru,2020-12-15,47.203056
Peru,2020-12-16,47.002483
Peru,2020-12-17,47.173183
Peru,2020-12-18,51.829052
Peru,2020-12-19,52.94714
Peru,2020-12-20,54.696823
Peru,2020-12-21,54.854725
Peru,2020-12-22,53.53179
Peru,2020-12-23,52.682556
Peru,2020-12-24,53.250134
Peru,2020-12-25,54.649883
Peru,2020-12-26,53.190388
Peru,2020-12-27,50.29701
Peru,2020-12-28,44.463306
Peru,2020-12-29,43.27267
Peru,2020-12-30,44.523052
Peru,2020-12-31,44.138977
Peru,2021-01-01,44.173115
Peru,2021-01-02,47.604202
Peru,2021-01-03,49.72943
Peru,2021-01-04,50.275673
Peru,2021-01-05,50.43357
Peru,2021-01-06,51.850388
Peru,2021-01-07,49.170383
Peru,2021-01-08,50.43357
Peru,2021-01-09,49.302677
Peru,2021-01-10,52.371025
Peru,2021-01-11,60.496387
Peru,2021-01-12,67.0385
Peru,2021-01-13,69.52646
Peru,2021-01-14,77.72437
Peru,2021-01-15,81.97056
Peru,2021-01-16,93.76598
Peru,2021-01-17,113.31123
Peru,2021-01-18,120.736725
Peru,2021-01-19,126.85208
Peru,2021-01-20,134.22209
Peru,2021-01-21,140.75566
Peru,2021-01-22,149.51262
Peru,2021-01-23,146.14128
Peru,2021-01-24,136.87222
Peru,2021-01-25,142.41147
Peru,2021-01-26,145.53955
Peru,2021-01-27,145.06586
Peru,2021-01-28,145.20242
Peru,2021-01-29,150.62218
Peru,2021-01-30,156.95091
Peru,2021-01-31,161.2227
Peru,2021-02-01,166.79181
Peru,2021-02-02,167.3978
Peru,2021-02-03,170.36372
Peru,2021-02-04,181.47636
Peru,2021-02-05,189.33713
Peru,2021-02-06,193.60466
Peru,2021-02-07,201.299
Peru,2021-02-08,202.5195
Peru,2021-02-09,206.79984
Peru,2021-02-10,206.99614
Peru,2021-02-11,200.63326
Peru,2021-02-12,192.74261
Peru,2021-02-13,201.67027
Peru,2021-02-14,203.57358
Peru,2021-02-15,199.40848
Peru,2021-02-16,207.40155
Peru,2021-02-17,201.76842
Peru,2021-02-18,204.63193
Peru,2021-02-19,207.55092
Peru,2021-02-20,211.22098
Peru,2021-02-21,208.14836
Peru,2021-02-22,207.8027
Peru,2021-02-23,204.88799
Peru,2021-02-24,205.93352
Peru,2021-02-25,208.1185
Peru,2021-02-26,207.66614
Peru,2021-02-27,200.22359
Peru,2021-02-28,199.89072
Peru,2021-03-01,204.68741
Peru,2021-03-02,198.42268
Peru,2021-03-03,197.08269
Peru,2021-03-04,191.18497
Peru,2021-03-05,188.49643
Peru,2021-03-06,175.50183
Peru,2021-03-07,178.94145
Peru,2021-03-08,175.3994
Peru,2021-03-09,176.55164
Peru,2021-03-10,177.22163
Peru,2021-03-11,178.0666
Peru,2021-03-12,181.31847
Peru,2021-03-13,190.86064
Peru,2021-03-14,189.11949
Peru,2021-03-15,183.49916
Peru,2021-03-16,175.94992
Peru,2021-03-17,189.93459
Peru,2021-03-18,203.05295
Peru,2021-03-19,205.44276
Peru,2021-03-20,208.89519
Peru,2021-03-21,209.25792
Peru,2021-03-22,225.39342
Peru,2021-03-23,230.10477
Peru,2021-03-24,229.66095
Peru,2021-03-25,228.97388
Peru,2021-03-26,242.9116
Peru,2021-03-27,243.00975
Peru,2021-03-28,259.205
Peru,2021-03-29,256.8792
Peru,2021-03-30,271.2266
Peru,2021-03-31,257.46384
Peru,2021-04-01,251.00708
Peru,2021-04-02,240.21025
Peru,2021-04-03,261.41983
Peru,2021-04-04,238.81477
Peru,2021-04-05,226.12744
Peru,2021-04-06,223.98087
Peru,2021-04-07,243.62427
Peru,2021-04-08,249.71829
Peru,2021-04-09,252.17212
Peru,2021-04-10,239.58293
Peru,2021-04-11,256.79385
Peru,2021-04-12,280.82852
Peru,2021-04-13,278.7844
Peru,2021-04-14,269.32755
Peru,2021-04-15,260.80533
Peru,2021-04-16,255.36423
Peru,2021-04-17,269.7031
Peru,2021-04-18,258.32162
Peru,2021-04-19,246.91454
Peru,2021-04-20,243.5176
Peru,2021-04-21,232.4391
Peru,2021-04-22,253.4097
Peru,2021-04-23,252.07823
Peru,2021-04-24,228.49591
Peru,2021-04-25,241.55879
Peru,2021-04-26,241.21739
Peru,2021-04-27,242.47205
Peru,2021-04-28,257.75403
Peru,2021-04-29,238.87025
Peru,2021-04-30,241.2558
Peru,2021-05-01,244.9216
Peru,2021-05-02,229.54999
Peru,2021-05-03,216.64073
Peru,2021-05-04,210.91373
Peru,2021-05-05,196.05421
Peru,2021-05-06,186.17917
Peru,2021-05-07,175.47195
Peru,2021-05-08,173.5729
Peru,2021-05-09,170.78621
Peru,2021-05-10,171.30258
Peru,2021-05-11,167.67946
Peru,2021-05-12,167.47035
Peru,2021-05-13,168.78049
Peru,2021-05-14,175.74507
Peru,2021-05-15,173.45341
Peru,2021-05-16,168.92558
Peru,2021-05-17,168.73781
Peru,2021-05-18,165.41768
Peru,2021-05-19,170.54724
Peru,2021-05-20,169.25418
Peru,2021-05-21,162.0634
Peru,2021-05-22,158.08607
Peru,2021-05-23,155.83708
Peru,2021-05-24,154.719
Peru,2021-05-25,154.64218
Peru,2021-05-26,143.34178
Peru,2021-05-27,146.6107
Peru,2021-05-28,143.51675
Peru,2021-05-29,135.25484
Peru,2021-05-30,136.51375
Peru,2021-05-31,131.43967
Peru,2021-06-01,128.79381
Peru,2021-06-02,137.16241
Peru,2021-06-03,123.04118
Peru,2021-06-04,120.288635
Peru,2021-06-05,113.68251
Peru,2021-06-06,122.09806
Peru,2021-06-07,122.648575
Peru,2021-06-08,119.92162
Peru,2021-06-09,110.67818
Peru,2021-06-10,114.56589
Peru,2021-06-11,109.9783
Peru,2021-06-12,113.36244
Peru,2021-06-13,93.416046
Peru,2021-06-14,88.20113
Peru,2021-06-15,85.585144
Peru,2021-06-16,82.1626
Peru,2021-06-17,83.40444
Peru,2021-06-18,102.36504
Peru,2021-06-19,104.37931
Peru,2021-06-20,107.212944
Peru,2021-06-21,109.54728
Peru,2021-06-22,110.95556
Peru,2021-06-23,112.4876
Peru,2021-06-24,111.50607
Peru,2021-06-25,90.72324
Peru,2021-06-26,87.35617
Peru,2021-06-27,85.704636
Peru,2021-06-28,82.48266
Peru,2021-06-29,78.90647
Peru,2021-06-30,80.89514
Peru,2021-07-01,78.774185
Peru,2021-07-02,76.926346
Peru,2021-07-03,74.11832
Peru,2021-07-04,72.897804
Peru,2021-07-05,72.782585
Peru,2021-07-06,72.53933
Peru,2021-07-07,73.017296
Peru,2021-07-08,72.48812
Peru,2021-07-09,73.239204
Peru,2021-07-10,70.97742
Peru,2021-07-11,59.071033
Peru,2021-07-12,67.01289
Peru,2021-07-13,66.84646
Peru,2021-07-14,63.50072
Peru,2021-07-15,61.947346
Peru,2021-07-16,60.795113
Peru,2021-07-17,59.5618
Peru,2021-07-18,68.233406
Peru,2021-07-19,56.800713
Peru,2021-07-20,55.379627
Peru,2021-07-21,54.999817
Peru,2021-07-22,53.113575
Peru,2021-07-23,50.903
Peru,2021-07-24,48.560127
Peru,2021-07-25,46.78911
Peru,2021-07-26,45.999615
Peru,2021-07-27,45.40643
Peru,2021-07-28,45.06503
Peru,2021-07-29,44.202988
Peru,2021-07-30,42.939804
Peru,2021-07-31,38.719223
Peru,2021-08-01,34.80164
Peru,2021-08-02,36.22699
Peru,2021-08-03,37.584064
Peru,2021-08-04,40.285404
Peru,2021-08-05,43.87439
Peru,2021-08-06,47.774906
Peru,2021-08-07,53.198925
Peru,2021-08-08,56.60014
Peru,2021-08-09,54.34689
Peru,2021-08-10,51.824783
Peru,2021-08-11,48.662548
Peru,2021-08-12,44.30541
Peru,2021-08-13,40.319546
Peru,2021-08-14,38.22419
Peru,2021-08-15,37.46884
Peru,2021-08-16,37.15304
Peru,2021-08-17,36.133106
Peru,2021-08-18,36.34648
Peru,2021-08-19,37.52432
Peru,2021-08-20,37.464573
Peru,2021-08-21,36.905525
Peru,2021-08-22,37.234127
Peru,2021-08-23,35.851448
Peru,2021-08-24,35.595398
Peru,2021-08-25,34.99368
Peru,2021-08-26,33.55979
Peru,2021-08-27,33.098896
Peru,2021-08-28,32.019215
Peru,2021-08-29,30.824308
Peru,2021-08-30,30.657875
Peru,2021-08-31,30.188448
Peru,2021-09-01,29.983606
Peru,2021-09-02,26.9494
Peru,2021-09-03,25.43016
Peru,2021-09-04,25.387486
Peru,2021-09-05,24.781498
Peru,2021-09-06,24.38035
Peru,2021-09-07,24.781498
Peru,2021-09-08,25.250925
Peru,2021-09-09,27.504177
Peru,2021-09-10,27.849846
Peru,2021-09-11,27.20545
Peru,2021-09-12,26.51838
Peru,2021-09-13,26.437296
Peru,2021-09-14,25.827042
Peru,2021-09-15,24.965002
Peru,2021-09-16,24.93513
Peru,2021-09-17,24.649204
Peru,2021-09-18,25.1229
Peru,2021-09-19,26.573856
Peru,2021-09-20,25.997742
Peru,2021-09-21,25.272263
Peru,2021-09-22,26.859781
Peru,2021-09-23,26.18978
Peru,2021-09-24,26.095894
Peru,2021-09-25,26.010544
Peru,2021-09-26,24.926594
Peru,2021-09-27,24.93086
Peru,2021-09-28,25.716085
Peru,2021-09-29,24.333408
Peru,2021-09-30,24.700415
Peru,2021-10-01,25.084492
Peru,2021-10-02,24.947931
Peru,2021-10-03,25.216785
Peru,2021-10-04,25.118631
Peru,2021-10-05,25.199715
Peru,2021-10-06,25.442965
Peru,2021-10-07,25.306404
Peru,2021-10-08,25.084492
Peru,2021-10-09,24.687613
Peru,2021-10-10,24.504108
Peru,2021-10-11,23.223852
Peru,2021-10-12,22.724552
Peru,2021-10-13,22.873917
Peru,2021-10-14,22.216717
Peru,2021-10-15,21.606462
Peru,2021-10-16,22.455698
Peru,2021-10-17,22.72882
Peru,2021-10-18,23.7957
Peru,2021-10-19,24.516912
Peru,2021-10-20,24.410223
Peru,2021-10-21,24.819906
Peru,2021-10-22,25.43016
Peru,2021-10-23,24.414492
Peru,2021-10-24,24.670542
Peru,2021-10-25,25.332008
Peru,2021-10-26,24.965002
Peru,2021-10-27,25.02048
Peru,2021-10-28,25.097294
Peru,2021-10-29,24.892454
Peru,2021-10-30,25.378952
Peru,2021-10-31,24.512644
Peru,2021-11-01,24.781498
Peru,2021-11-02,25.336275
Peru,2021-11-03,25.306404
Peru,2021-11-04,23.979204
Peru,2021-11-05,22.498375
Peru,2021-11-06,22.993406
Peru,2021-11-07,23.940796
Peru,2021-11-08,24.102962
Peru,2021-11-09,24.384619
Peru,2021-11-10,24.329142
Peru,2021-11-11,26.543985
Peru,2021-11-12,29.10023
Peru,2021-11-13,29.625135
Peru,2021-11-14,29.992142
Peru,2021-11-15,29.83851
Peru,2021-11-16,30.01348
Peru,2021-11-17,31.933865
Peru,2021-11-18,33.88839
Peru,2021-11-19,34.451702
Peru,2021-11-20,35.211323
Peru,2021-11-21,36.871387
Peru,2021-11-22,39.820244
Peru,2021-11-23,41.82598
Peru,2021-11-24,41.58273
Peru,2021-11-25,41.924133
Peru,2021-11-26,42.71789
Peru,2021-11-27,43.204388
Peru,2021-11-28,42.764835
Peru,2021-11-29,42.120438
Peru,2021-11-30,41.527252
Peru,2021-12-01,42.04789
Peru,2021-12-02,41.373623
Peru,2021-12-03,41.096233
Peru,2021-12-04,41.30961
Peru,2021-12-05,48.95274
Peru,2021-12-06,42.23566
Peru,2021-12-07,39.85865
Peru,2021-12-08,43.4263
Peru,2021-12-09,43.87866
Peru,2021-12-10,45.25707
Peru,2021-12-11,43.742096
Peru,2021-12-12,35.766098
Peru,2021-12-13,43.52872
Peru,2021-12-14,46.7635
Peru,2021-12-15,43.40923
Peru,2021-12-16,43.370823
Peru,2021-12-17,42.713623
Peru,2021-12-18,44.847385
Peru,2021-12-19,46.328217
Peru,2021-12-20,46.486115
Peru,2021-12-21,46.71656
Peru,2021-12-22,46.460506
Peru,2021-12-23,46.59707
Peru,2021-12-24,47.117706
Peru,2021-12-25,48.517452
Peru,2021-12-26,46.95127
Peru,2021-12-27,64.30302
Peru,2021-12-28,59.655685
Peru,2021-12-29,64.68282
Peru,2021-12-30,67.25188
Peru,2021-12-31,76.80259
Peru,2022-01-01,88.35903
Peru,2022-01-02,102.19007
Peru,2022-01-03,95.46446
Peru,2022-01-04,99.770386
Peru,2022-01-05,99.48447
Peru,2022-01-06,112.585754
Peru,2022-01-07,132.50227
Peru,2022-01-08,159.87416
Peru,2022-01-09,195.10683
Peru,2022-01-10,245.41664
Peru,2022-01-11,312.1052
Peru,2022-01-12,356.82883
Peru,2022-01-13,438.36407
Peru,2022-01-14,519.80975
Peru,2022-01-15,614.48895
Peru,2022-01-16,726.4986
Peru,2022-01-17,869.93
Peru,2022-01-18,982.8657
Peru,2022-01-19,1039.2994
Peru,2022-01-20,1090.9791
Peru,2022-01-21,1206.9276
Peru,2022-01-22,1307.3126
Peru,2022-01-23,1394.3274
Peru,2022-01-24,1415.4558
Peru,2022-01-25,1451.0641
Peru,2022-01-26,1469.8795
Peru,2022-01-27,1504.438
Peru,2022-01-28,1481.6451
Peru,2022-01-29,1452.4595
Peru,2022-01-30,1370.7834
Peru,2022-01-31,1289.9565
Peru,2022-02-01,1187.4592
Peru,2022-02-02,1123.5446
Peru,2022-02-03,1030.2181
Peru,2022-02-04,920.9056
Peru,2022-02-05,803.54016
Peru,2022-02-06,727.8599
Peru,2022-02-07,652.12
Peru,2022-02-08,593.53973
Peru,2022-02-09,569.1039
Peru,2022-02-10,522.26355
Peru,2022-02-11,475.76892
Peru,2022-02-12,437.4551
Peru,2022-02-13,399.4571
Peru,2022-02-14,368.94858
Peru,2022-02-15,350.75186
Peru,2022-02-16,327.8182
Peru,2022-02-17,308.29855
Peru,2022-02-18,293.05923
Peru,2022-02-19,272.11426
Peru,2022-02-20,242.64275
Peru,2022-02-21,235.71655
Peru,2022-02-22,214.78009
Peru,2022-02-23,205.62627
Peru,2022-02-24,188.1593
Peru,2022-02-25,160.38626
Peru,2022-02-26,132.7626
Peru,2022-02-27,114.753654
Peru,2022-02-28,91.39324
Peru,2022-03-01,86.43865
Peru,2022-03-02,82.63629
Peru,2022-03-03,76.136856
Peru,2022-03-04,71.318825
Peru,2022-03-05,70.025764
Peru,2022-03-06,67.69143
Peru,2022-03-07,57.76517
Peru,2022-03-08,48.15898
Peru,2022-03-09,45.99535
Peru,2022-03-10,43.605537
Peru,2022-03-11,40.114704
Peru,2022-03-12,36.662277
Peru,2022-03-13,43.456173
Peru,2022-03-14,41.761967
Peru,2022-03-15,38.181515
Peru,2022-03-16,37.57126
Peru,2022-03-17,36.483044
Peru,2022-03-18,36.05629
Peru,2022-03-19,35.52712
Peru,2022-03-20,23.134235
Peru,2022-03-21,21.623531
Peru,2022-03-22,20.915123
Peru,2022-03-23,21.98627
Peru,2022-03-24,21.824106
Peru,2022-03-25,20.168306
Peru,2022-03-26,18.73442
Peru,2022-03-27,18.051617
Peru,2022-03-28,17.364546
Peru,2022-03-29,17.095692
Peru,2022-03-30,15.508174
Peru,2022-03-31,14.855243
Peru,2022-04-01,15.008874
Peru,2022-04-02,14.232184
Peru,2022-04-03,13.94626
Peru,2022-04-04,13.767025
Peru,2022-04-05,13.468298
Peru,2022-04-06,13.182374
Peru,2022-04-07,12.567851
Peru,2022-04-08,12.013073
Peru,2022-04-09,13.29333
Peru,2022-04-10,13.592056
Peru,2022-04-11,13.472566
Peru,2022-04-12,12.721482
Peru,2022-04-13,13.156769
Peru,2022-04-14,14.676007
Peru,2022-04-15,15.7855625
Peru,2022-04-16,16.071486
Peru,2022-04-17,16.549448
Peru,2022-04-18,16.61773
Peru,2022-04-19,17.919323
Peru,2022-04-20,19.562319
Peru,2022-04-21,19.93786
Peru,2022-04-22,19.882383
Peru,2022-04-23,19.660473
Peru,2022-04-24,19.946396
Peru,2022-04-25,21.149837
Peru,2022-04-26,21.922258
Peru,2022-04-27,22.587992
Peru,2022-04-28,22.02468
Peru,2022-04-29,22.54105
Peru,2022-04-30,22.686146
Peru,2022-05-01,22.255125
Peru,2022-05-02,22.011877
Peru,2022-05-03,21.17971
Peru,2022-05-04,20.68041
Peru,2022-05-05,20.787098
Peru,2022-05-06,20.108562
Peru,2022-05-07,21.751558
Peru,2022-05-08,19.067287
Peru,2022-05-09,17.381615
Peru,2022-05-10,16.826838
Peru,2022-05-11,15.1582365
Peru,2022-05-12,13.519508
Peru,2022-05-13,12.537978
Peru,2022-05-14,9.111158
Peru,2022-05-15,10.626129
Peru,2022-05-16,11.065683
Peru,2022-05-17,11.270525
Peru,2022-05-18,11.765557
Peru,2022-05-19,12.29473
Peru,2022-05-20,12.533711
Peru,2022-05-21,12.892183
Peru,2022-05-22,14.338873
Peru,2022-05-23,14.390083
Peru,2022-05-24,15.44416
Peru,2022-05-25,14.838173
Peru,2022-05-26,14.594924
Peru,2022-05-27,14.949128
Peru,2022-05-28,15.896518
Peru,2022-05-29,14.885116
Peru,2022-05-30,18.107094
Peru,2022-05-31,17.108494
Peru,2022-06-01,17.232252
Peru,2022-06-02,20.842575
Peru,2022-06-03,18.277796
Peru,2022-06-04,20.04455
Peru,2022-06-05,21.504042
Peru,2022-06-06,20.151237
Peru,2022-06-07,22.74589
Peru,2022-06-08,23.129967
Peru,2022-06-09,20.134167
Peru,2022-06-10,23.974937
Peru,2022-06-11,22.6264
Peru,2022-06-12,22.59226
Peru,2022-06-13,23.582325
Peru,2022-06-14,23.475636
Peru,2022-06-15,25.814238
Peru,2022-06-16,27.837044
Peru,2022-06-17,27.666342
Peru,2022-06-18,30.175646
Peru,2022-06-19,32.774567
Peru,2022-06-20,34.498646
Peru,2022-06-21,36.78177
Peru,2022-06-22,39.163048
Peru,2022-06-23,44.22006
Peru,2022-06-24,51.16332
Peru,2022-06-25,57.987083
Peru,2022-06-26,62.928875
Peru,2022-06-27,66.564804
Peru,2022-06-28,74.37437
Peru,2022-06-29,70.99449
Peru,2022-06-30,75.42418
Peru,2022-07-01,83.118515
Peru,2022-07-02,77.82679
Peru,2022-07-03,79.68743
Peru,2022-07-04,91.55541
Peru,2022-07-05,87.91094
Peru,2022-07-06,95.72904
Peru,2022-07-07,99.85147
Peru,2022-07-08,107.166
Peru,2022-07-09,125.92176
Peru,2022-07-10,140.35452
Peru,2022-07-11,145.62918
Peru,2022-07-12,160.55696
Peru,2022-07-13,184.1521
Peru,2022-07-14,200.63326
Peru,2022-07-15,228.51724
Peru,2022-07-16,247.73816
Peru,2022-07-17,286.75186
Peru,2022-07-18,306.48486
Peru,2022-07-19,317.85782
Peru,2022-07-20,333.85675
Peru,2022-07-21,352.15588
Peru,2022-07-22,359.0522
Peru,2022-07-23,373.5447
Peru,2022-07-24,370.9543
Peru,2022-07-25,379.4424
Peru,2022-07-26,381.78955
Peru,2022-07-27,356.96964
Peru,2022-07-28,365.0694
Peru,2022-07-29,366.21738
Peru,2022-07-30,371.85477
Peru,2022-07-31,335.81982
Peru,2022-08-01,303.74084
Peru,2022-08-02,302.01678
Peru,2022-08-03,296.22147
Peru,2022-08-04,275.10577
Peru,2022-08-05,252.36417
Peru,2022-08-06,219.5768
Peru,2022-08-07,238.97694
Peru,2022-08-08,258.45392
Peru,2022-08-09,243.36823
Peru,2022-08-10,238.25574
Peru,2022-08-11,243.7011
Peru,2022-08-12,255.58186
Peru,2022-08-13,266.57928
Peru,2022-08-14,266.02023
Peru,2022-08-15,258.19788
Peru,2022-08-16,259.10684
Peru,2022-08-17,258.9148
Peru,2022-08-18,243.79071
Peru,2022-08-19,230.19865
Peru,2022-08-20,224.06622
Peru,2022-08-21,202.81824
Peru,2022-08-22,207.26073
Peru,2022-08-23,197.97032
Peru,2022-08-24,191.62453
Peru,2022-08-25,184.20331
Peru,2022-08-26,170.51736
Peru,2022-08-27,153.25523
Peru,2022-08-28,142.08713
Peru,2022-08-29,114.9969
Peru,2022-08-30,110.02097
Peru,2022-08-31,106.743515
Peru,2022-09-01,91.75172
Peru,2022-09-02,73.601944
Peru,2022-09-03,68.818054
Peru,2022-09-04,69.95748
Peru,2022-09-05,68.43825
Peru,2022-09-06,65.42964
Peru,2022-09-07,63.820786
Peru,2022-09-08,68.92474
Peru,2022-09-09,63.662888
Peru,2022-09-10,57.799313
Peru,2022-09-11,52.87459
Peru,2022-09-12,49.67822
Peru,2022-09-13,46.533054
Peru,2022-09-14,45.16745
Peru,2022-09-15,37.63954
Peru,2022-09-16,42.197254
Peru,2022-09-17,38.424767
Peru,2022-09-18,32.86845
Peru,2022-09-19,28.967937
Peru,2022-09-20,28.4473
Peru,2022-09-21,27.598063
Peru,2022-09-22,32.13017
Peru,2022-09-23,36.845783
Peru,2022-09-24,38.147377
Peru,2022-09-25,38.373554
Peru,2022-09-26,37.88706
Peru,2022-09-27,36.50438
Peru,2022-09-28,36.192852
Peru,2022-09-29,29.714752
Peru,2022-09-30,24.627867
Peru,2022-10-01,17.522444
Peru,2022-10-02,18.294865
Peru,2022-10-03,17.812635
Peru,2022-10-04,17.326138
Peru,2022-10-05,17.23652
Peru,2022-10-06,16.626265
Peru,2022-10-07,16.101358
Peru,2022-10-08,20.21525
Peru,2022-10-09,17.245054
Peru,2022-10-10,14.547981
Peru,2022-10-11,14.023076
Peru,2022-10-12,13.835305
Peru,2022-10-13,13.139699
Peru,2022-10-14,11.057149
Peru,2022-10-15,8.53931
Peru,2022-10-16,7.1011558
Peru,2022-10-17,8.906318
Peru,2022-10-18,9.175172
Peru,2022-10-19,9.136764
Peru,2022-10-20,8.38568
Peru,2022-10-21,8.38568
Peru,2022-10-22,8.031476
Peru,2022-10-23,8.099756
Peru,2022-10-24,7.4254875
Peru,2022-10-25,7.519373
Peru,2022-10-26,7.4596276
Peru,2022-10-27,7.510838
Peru,2022-10-28,9.35014
Peru,2022-10-29,9.448293
Peru,2022-10-30,9.887848
Peru,2022-10-31,12.8111
Peru,2022-11-01,15.273459
Peru,2022-11-02,18.538115
Peru,2022-11-03,20.33474
Peru,2022-11-04,21.034615
Peru,2022-11-05,22.24659
Peru,2022-11-06,23.962133
Peru,2022-11-07,25.314938
Peru,2022-11-08,23.637802
Peru,2022-11-09,20.676142
Peru,2022-11-10,24.568123
Peru,2022-11-11,28.39182
Peru,2022-11-12,34.81444
Peru,2022-11-13,41.821712
Peru,2022-11-14,45.32108
Peru,2022-11-15,46.383694
Peru,2022-11-16,47.177452
Peru,2022-11-17,51.453506
Peru,2022-11-18,53.766506
Peru,2022-11-19,57.799313
Peru,2022-11-20,61.623013
Peru,2022-11-21,71.92481
Peru,2022-11-22,78.78699
Peru,2022-11-23,83.11425
Peru,2022-11-24,92.36197
Peru,2022-11-25,108.57855
Peru,2022-11-26,124.06112
Peru,2022-11-27,140.30331
Peru,2022-11-28,150.46855
Peru,2022-11-29,155.75601
Peru,2022-11-30,157.38193
Peru,2022-12-01,175.03667
Peru,2022-12-02,209.76576
Peru,2022-12-03,240.45778
Peru,2022-12-04,264.28336
Peru,2022-12-05,287.72485
Peru,2022-12-06,312.08386
Peru,2022-12-07,322.47955
Peru,2022-12-08,333.40012
Peru,2022-12-09,333.4556
Peru,2022-12-10,335.9649
Peru,2022-12-11,305.19608
Peru,2022-12-12,268.33322
Peru,2022-12-13,250.21759
Peru,2022-12-14,245.53612
Peru,2022-12-15,259.2007
Peru,2022-12-16,255.3429
Peru,2022-12-17,230.85585
Peru,2022-12-18,236.12198
Peru,2022-12-19,247.04683
Peru,2022-12-20,242.23306
Peru,2022-12-21,232.75917
Peru,2022-12-22,204.8453
Peru,2022-12-23,169.8687
Peru,2022-12-24,151.74026
Peru,2022-12-25,140.55083
Peru,2022-12-26,128.23903
Peru,2022-12-27,118.14634
Peru,2022-12-28,116.00404
Peru,2022-12-29,88.94369
Peru,2022-12-30,89.250946
Peru,2022-12-31,83.66903
Peru,2023-01-01,65.96735
Peru,2023-01-02,70.20927
Peru,2023-01-03,68.77111
Peru,2023-01-04,68.681496
Peru,2023-01-05,65.63875
Peru,2023-01-06,53.629944
Peru,2023-01-07,44.79191
Peru,2023-01-08,51.615673
Peru,2023-01-09,43.66528
Peru,2023-01-10,41.949738
Peru,2023-01-11,43.06783
Peru,2023-01-12,41.779037
Peru,2023-01-13,34.50291
Peru,2023-01-14,36.111767
Peru,2023-01-15,31.963737
Peru,2023-01-16,24.34621
Peru,2023-01-17,24.858313
Peru,2023-01-18,23.121431
Peru,2023-01-19,22.208183
Peru,2023-01-20,22.780031
Peru,2023-01-21,18.593592
Peru,2023-01-22,17.641935
Peru,2023-01-23,17.548048
Peru,2023-01-24,15.128365
Peru,2023-01-25,14.7869625
Peru,2023-01-26,14.765625
Peru,2023-01-27,12.567851
Peru,2023-01-28,12.388616
Peru,2023-01-29,12.26059
Peru,2023-01-30,10.280459
Peru,2023-01-31,9.7086115
Peru,2023-02-01,9.45256
Peru,2023-02-02,8.697209
Peru,2023-02-03,7.9546604
Peru,2023-02-04,7.109691
Peru,2023-02-05,6.324467
Peru,2023-02-06,5.9574604
Peru,2023-02-07,5.701409
Peru,2023-02-08,5.7142115
Peru,2023-02-09,5.2533193
Peru,2023-02-10,4.9631276
Peru,2023-02-11,4.762554
Peru,2023-02-12,4.835102
Peru,2023-02-13,4.7881594
Peru,2023-02-14,4.8948474
Peru,2023-02-15,4.90765
Peru,2023-02-16,5.022873
Peru,2023-02-17,4.852172
Peru,2023-02-18,4.805229
Peru,2023-02-19,4.6430635
Peru,2023-02-20,4.4040823
Peru,2023-02-21,4.4382224
Peru,2023-02-22,4.3998146
Peru,2023-02-23,3.7298138
Peru,2023-02-24,3.542043
Peru,2023-02-25,3.3500044
Peru,2023-02-26,3.2049088
Peru,2023-02-27,4.1181583
Peru,2023-02-28,3.9047823
Peru,2023-03-01,4.024273
Peru,2023-03-02,4.826567
Peru,2023-03-03,5.45816
Peru,2023-03-04,5.5733833
Peru,2023-03-05,5.9019823
Peru,2023-03-06,5.1893063
Peru,2023-03-07,4.8991146
Peru,2023-03-08,5.039943
Peru,2023-03-09,3.8407695
Peru,2023-03-10,5.42402
Peru,2023-03-11,5.620326
Peru,2023-03-12,5.5093703
Peru,2023-03-13,4.7966943
Peru,2023-03-14,5.5776505
Peru,2023-03-15,5.654466
Peru,2023-03-16,5.9916005
Peru,2023-03-17,4.515038
Peru,2023-03-18,4.90765
Peru,2023-03-19,5.082618
Peru,2023-03-20,6.0641484
Peru,2023-03-21,7.041411
Peru,2023-03-22,6.798162
Peru,2023-03-23,7.5577807
Peru,2023-03-24,6.3927474
Peru,2023-03-25,6.7042766
Peru,2023-03-26,7.037143
Peru,2023-03-27,7.5065703
Peru,2023-03-28,7.0968885
Peru,2023-03-29,7.6858063
Peru,2023-03-30,7.0968885
Peru,2023-03-31,8.560648
Peru,2023-04-01,8.594789
Peru,2023-04-02,8.940457
Peru,2023-04-03,7.4895005
Peru,2023-04-04,6.1409636
Peru,2023-04-05,5.2831917
Peru,2023-04-06,4.775357
Peru,2023-04-07,3.3115969
Peru,2023-04-08,1.6472634
Peru,2023-04-09,0
Peru,2023-04-10,0
Peru,2023-04-11,0
Peru,2023-04-12,0
Peru,2023-04-13,0
Peru,2023-04-14,0
Peru,2023-04-15,0
Peru,2023-04-16,17.091425
Peru,2023-04-17,17.091425
Peru,2023-04-18,17.091425
Peru,2023-04-19,17.091425
Peru,2023-04-20,17.091425
Peru,2023-04-21,17.091425
Peru,2023-04-22,17.091425
Peru,2023-04-23,10.493835
Peru,2023-04-24,10.493835
Peru,2023-04-25,10.493835
Peru,2023-04-26,10.493835
Peru,2023-04-27,10.493835
Peru,2023-04-28,10.493835
Peru,2023-04-29,10.493835
Peru,2023-04-30,7.574851
Peru,2023-05-01,7.574851
Peru,2023-05-02,7.574851
Peru,2023-05-03,7.574851
Peru,2023-05-04,7.574851
Peru,2023-05-05,7.574851
Peru,2023-05-06,7.574851
Peru,2023-05-07,8.927655
Peru,2023-05-08,8.927655
Peru,2023-05-09,8.927655
Peru,2023-05-10,8.927655
Peru,2023-05-11,8.927655
Peru,2023-05-12,8.927655
Peru,2023-05-13,8.927655
Peru,2023-05-14,8.526508
Peru,2023-05-15,8.526508
Peru,2023-05-16,8.526508
Peru,2023-05-17,8.526508
Peru,2023-05-18,8.526508
Peru,2023-05-19,8.526508
Peru,2023-05-20,8.526508
Peru,2023-05-21,0
Peru,2023-05-22,0
Peru,2023-05-23,0
Peru,2023-05-24,0
Peru,2023-05-25,0
Peru,2023-05-26,0
Peru,2023-05-27,0
Peru,2023-05-28,0
Peru,2023-05-29,0
Peru,2023-05-30,0
Peru,2023-05-31,0
Peru,2023-06-01,0
Peru,2023-06-02,0
Peru,2023-06-03,0
Peru,2023-06-04,0
Peru,2023-06-05,0
Peru,2023-06-06,0
Peru,2023-06-07,0
Peru,2023-06-08,0
Peru,2023-06-09,0
Peru,2023-06-10,0
Peru,2023-06-11,0
Peru,2023-06-12,0
Peru,2023-06-13,0
Peru,2023-06-14,0
Peru,2023-06-15,0
Peru,2023-06-16,0
Peru,2023-06-17,0
Peru,2023-06-18,0
Peru,2023-06-19,0
Peru,2023-06-20,0
Peru,2023-06-21,0
Peru,2023-06-22,0
Peru,2023-06-23,0
Peru,2023-06-24,0
Peru,2023-06-25,0
Peru,2023-06-26,0
Peru,2023-06-27,0
Peru,2023-06-28,0
Peru,2023-06-29,0
Peru,2023-06-30,0
Peru,2023-07-01,0
Peru,2023-07-02,0
Peru,2023-07-03,0
Peru,2023-07-04,0
Peru,2023-07-05,0
Peru,2023-07-06,0
Peru,2023-07-07,0
Peru,2023-07-08,0
Peru,2023-07-09,0
Peru,2023-07-10,0
Peru,2023-07-11,0
Peru,2023-07-12,0
Peru,2023-07-13,0
Peru,2023-07-14,0
Peru,2023-07-15,0
Peru,2023-07-16,0
Peru,2023-07-17,0
Peru,2023-07-18,0
Peru,2023-07-19,0
Peru,2023-07-20,0
Peru,2023-07-21,0
Peru,2023-07-22,0
Peru,2023-07-23,0
Peru,2023-07-24,0
Peru,2023-07-25,0
Peru,2023-07-26,0
Peru,2023-07-27,0
Peru,2023-07-28,0
Peru,2023-07-29,0
Peru,2023-07-30,0
Peru,2023-07-31,0
Peru,2023-08-01,0
Peru,2023-08-02,0
Peru,2023-08-03,0
Peru,2023-08-04,0
Peru,2023-08-05,0
Peru,2023-08-06,0
Peru,2023-08-07,0
Peru,2023-08-08,0
Peru,2023-08-09,0
Peru,2023-08-10,0
Peru,2023-08-11,0
Peru,2023-08-12,0
Peru,2023-08-13,0
Peru,2023-08-14,0
Peru,2023-08-15,0
Peru,2023-08-16,0
Peru,2023-08-17,0
Peru,2023-08-18,0
Peru,2023-08-19,0
Peru,2023-08-20,0
Peru,2023-08-21,0
Peru,2023-08-22,0
Peru,2023-08-23,0
Peru,2023-08-24,0
Peru,2023-08-25,0
Peru,2023-08-26,0
Peru,2023-08-27,0
Peru,2023-08-28,0
Peru,2023-08-29,0
Peru,2023-08-30,0
Peru,2023-08-31,0
Peru,2023-09-01,0
Peru,2023-09-02,0
Peru,2023-09-03,0
Peru,2023-09-04,0
Peru,2023-09-05,0
Peru,2023-09-06,0
Peru,2023-09-07,0
Peru,2023-09-08,0
Peru,2023-09-09,0
Peru,2023-09-10,0
Peru,2023-09-11,0
Peru,2023-09-12,0
Peru,2023-09-13,0
Peru,2023-09-14,0
Peru,2023-09-15,0
Peru,2023-09-16,0
Peru,2023-09-17,0
Peru,2023-09-18,0
Peru,2023-09-19,0
Peru,2023-09-20,0
Peru,2023-09-21,0
Peru,2023-09-22,0
Peru,2023-09-23,0
Peru,2023-09-24,0
Peru,2023-09-25,0
Peru,2023-09-26,0
Peru,2023-09-27,0
Peru,2023-09-28,0
Peru,2023-09-29,0
Peru,2023-09-30,0
Peru,2023-10-01,0
Peru,2023-10-02,0
Peru,2023-10-03,0
Peru,2023-10-04,0
Peru,2023-10-05,0
Peru,2023-10-06,0
Peru,2023-10-07,0
Peru,2023-10-08,0
Peru,2023-10-09,0
Peru,2023-10-10,0
Peru,2023-10-11,0
Peru,2023-10-12,0
Peru,2023-10-13,0
Peru,2023-10-14,0
Peru,2023-10-15,0
Peru,2023-10-16,0
Peru,2023-10-17,0
Peru,2023-10-18,0
Peru,2023-10-19,0
Peru,2023-10-20,0
Peru,2023-10-21,0
Peru,2023-10-22,0
Peru,2023-10-23,0
Peru,2023-10-24,0
Peru,2023-10-25,0
Peru,2023-10-26,0
Peru,2023-10-27,0
Peru,2023-10-28,0
Peru,2023-10-29,0
Peru,2023-10-30,0
Peru,2023-10-31,0
Peru,2023-11-01,0
Peru,2023-11-02,0
Peru,2023-11-03,0
Peru,2023-11-04,0
Peru,2023-11-05,0
Peru,2023-11-06,0
Peru,2023-11-07,0
Peru,2023-11-08,0
Peru,2023-11-09,0
Peru,2023-11-10,0
Peru,2023-11-11,0
Peru,2023-11-12,0
Peru,2023-11-13,0
Peru,2023-11-14,0
Peru,2023-11-15,0
Peru,2023-11-16,0
Peru,2023-11-17,0
Peru,2023-11-18,0
Peru,2023-11-19,0
Peru,2023-11-20,0
Peru,2023-11-21,0
Peru,2023-11-22,0
Peru,2023-11-23,0
Peru,2023-11-24,0
Peru,2023-11-25,0
Peru,2023-11-26,0
Peru,2023-11-27,0
Peru,2023-11-28,0
Peru,2023-11-29,0
Peru,2023-11-30,0
Peru,2023-12-01,0
Peru,2023-12-02,0
Peru,2023-12-03,0
Peru,2023-12-04,0
Peru,2023-12-05,0
Peru,2023-12-06,0
Peru,2023-12-07,0
Peru,2023-12-08,0
Peru,2023-12-09,0
Peru,2023-12-10,0
Peru,2023-12-11,0
Peru,2023-12-12,0
Peru,2023-12-13,0
Peru,2023-12-14,0
Peru,2023-12-15,0
Peru,2023-12-16,0
Peru,2023-12-17,0
Peru,2023-12-18,0
Peru,2023-12-19,0
Peru,2023-12-20,0
Peru,2023-12-21,0
Peru,2023-12-22,0
Peru,2023-12-23,0
Peru,2023-12-24,0
Peru,2023-12-25,0
Peru,2023-12-26,0
Peru,2023-12-27,0
Peru,2023-12-28,0
Peru,2023-12-29,0
Peru,2023-12-30,0
Peru,2023-12-31,0
Peru,2024-01-01,0
Peru,2024-01-02,39.05209
Peru,2024-01-03,39.05209
Peru,2024-01-04,39.05209
Peru,2024-01-05,39.05209
Peru,2024-01-06,39.05209
Peru,2024-01-07,39.05209
Peru,2024-01-08,39.05209
Peru,2024-01-09,19.899454
Peru,2024-01-10,19.899454
Peru,2024-01-11,19.899454
Peru,2024-01-12,19.899454
Peru,2024-01-13,19.899454
Peru,2024-01-14,19.899454
Peru,2024-01-15,19.899454
Peru,2024-01-16,10.267657
Peru,2024-01-17,10.267657
Peru,2024-01-18,10.267657
Peru,2024-01-19,10.267657
Peru,2024-01-20,10.267657
Peru,2024-01-21,10.267657
Peru,2024-01-22,10.267657
Peru,2024-01-23,9.256254
Peru,2024-01-24,9.256254
Peru,2024-01-25,9.256254
Peru,2024-01-26,9.256254
Peru,2024-01-27,9.256254
Peru,2024-01-28,9.256254
Peru,2024-01-29,9.256254
Peru,2024-01-30,2.7952266
Peru,2024-01-31,2.7952266
Peru,2024-02-01,2.7952266
Peru,2024-02-02,2.7952266
Peru,2024-02-03,2.7952266
Peru,2024-02-04,2.7952266
Peru,2024-02-05,2.7952266
Peru,2024-02-06,1.9075822
Peru,2024-02-07,1.9075822
Peru,2024-02-08,1.9075822
Peru,2024-02-09,1.9075822
Peru,2024-02-10,1.9075822
Peru,2024-02-11,1.9075822
Peru,2024-02-12,1.9075822
Peru,2024-02-13,1.4765625
Peru,2024-02-14,1.4765625
Peru,2024-02-15,1.4765625
Peru,2024-02-16,1.4765625
Peru,2024-02-17,1.4765625
Peru,2024-02-18,1.4765625
Peru,2024-02-19,1.4765625
Peru,2024-02-20,1.2461163
Peru,2024-02-21,1.2461163
Peru,2024-02-22,1.2461163
Peru,2024-02-23,1.2461163
Peru,2024-02-24,1.2461163
Peru,2024-02-25,1.2461163
Peru,2024-02-26,1.2461163
Peru,2024-02-27,1.1479633
Peru,2024-02-28,1.1479633
Peru,2024-02-29,1.1479633
Peru,2024-03-01,1.1479633
Peru,2024-03-02,1.1479633
Peru,2024-03-03,1.1479633
Peru,2024-03-04,1.1479633
Peru,2024-03-05,0.8663069
Peru,2024-03-06,0.8663069
Peru,2024-03-07,0.8663069
Peru,2024-03-08,0.8663069
Peru,2024-03-09,0.8663069
Peru,2024-03-10,0.8663069
Peru,2024-03-11,0.8663069
Peru,2024-03-12,0.6742684
Peru,2024-03-13,0.6742684
Peru,2024-03-14,0.6742684
Peru,2024-03-15,0.6742684
Peru,2024-03-16,0.6742684
Peru,2024-03-17,0.6742684
Peru,2024-03-18,0.6742684
Peru,2024-03-19,0.46089235
Peru,2024-03-20,0.46089235
Peru,2024-03-21,0.46089235
Peru,2024-03-22,0.46089235
Peru,2024-03-23,0.46089235
Peru,2024-03-24,0.46089235
Peru,2024-03-25,0.46089235
Peru,2024-03-26,0.3755419
Peru,2024-03-27,0.3755419
Peru,2024-03-28,0.3755419
Peru,2024-03-29,0.3755419
Peru,2024-03-30,0.3755419
Peru,2024-03-31,0.3755419
Peru,2024-04-01,0.3755419
Peru,2024-04-02,0.4352872
Peru,2024-04-03,0.4352872
Peru,2024-04-04,0.4352872
Peru,2024-04-05,0.4352872
Peru,2024-04-06,0.4352872
Peru,2024-04-07,0.4352872
Peru,2024-04-08,0.4352872
Peru,2024-04-09,0.42675215
Peru,2024-04-10,0.42675215
Peru,2024-04-11,0.42675215
Peru,2024-04-12,0.42675215
Peru,2024-04-13,0.42675215
Peru,2024-04-14,0.42675215
Peru,2024-04-15,0.42675215
Peru,2024-04-16,0.21337608
Peru,2024-04-17,0.21337608
Peru,2024-04-18,0.21337608
Peru,2024-04-19,0.21337608
Peru,2024-04-20,0.21337608
Peru,2024-04-21,0.21337608
Peru,2024-04-22,0.21337608
Peru,2024-04-23,0.10668804
Peru,2024-04-24,0.10668804
Peru,2024-04-25,0.10668804
Peru,2024-04-26,0.10668804
Peru,2024-04-27,0.10668804
Peru,2024-04-28,0.10668804
Peru,2024-04-29,0.10668804
Peru,2024-04-30,0.34566924
Peru,2024-05-01,0.34566924
Peru,2024-05-02,0.34566924
Peru,2024-05-03,0.34566924
Peru,2024-05-04,0.34566924
Peru,2024-05-05,0.34566924
Peru,2024-05-06,0.34566924
Peru,2024-05-07,0.20057352
Peru,2024-05-08,0.20057352
Peru,2024-05-09,0.20057352
Peru,2024-05-10,0.20057352
Peru,2024-05-11,0.20057352
Peru,2024-05-12,0.20057352
Peru,2024-05-13,0.20057352
Peru,2024-05-14,0.2176436
Peru,2024-05-15,0.2176436
Peru,2024-05-16,0.2176436
Peru,2024-05-17,0.2176436
Peru,2024-05-18,0.2176436
Peru,2024-05-19,0.2176436
Peru,2024-05-20,0.2176436
Peru,2024-05-21,0.23898122
Peru,2024-05-22,0.23898122
Peru,2024-05-23,0.23898122
Peru,2024-05-24,0.23898122
Peru,2024-05-25,0.23898122
Peru,2024-05-26,0.23898122
Peru,2024-05-27,0.23898122
Peru,2024-05-28,0.30299404
Peru,2024-05-29,0.30299404
Peru,2024-05-30,0.30299404
Peru,2024-05-31,0.30299404
Peru,2024-06-01,0.30299404
Peru,2024-06-02,0.30299404
Peru,2024-06-03,0.30299404
Peru,2024-06-04,0.3157966
Peru,2024-06-05,0.3157966
Peru,2024-06-06,0.3157966
Peru,2024-06-07,0.3157966
Peru,2024-06-08,0.3157966
Peru,2024-06-09,0.3157966
Peru,2024-06-10,0.3157966
Peru,2024-06-11,0.5163701
Peru,2024-06-12,0.5163701
Peru,2024-06-13,0.5163701
Peru,2024-06-14,0.5163701
Peru,2024-06-15,0.5163701
Peru,2024-06-16,0.5163701
Peru,2024-06-17,0.5163701
Peru,2024-06-18,0.40114704
Peru,2024-06-19,0.40114704
Peru,2024-06-20,0.40114704
Peru,2024-06-21,0.40114704
Peru,2024-06-22,0.40114704
Peru,2024-06-23,0.40114704
Peru,2024-06-24,0.40114704
Peru,2024-06-25,0.53770775
Peru,2024-06-26,0.53770775
Peru,2024-06-27,0.53770775
Peru,2024-06-28,0.53770775
Peru,2024-06-29,0.53770775
Peru,2024-06-30,0.53770775
Peru,2024-07-01,0.53770775
Peru,2024-07-02,0.84070176
Peru,2024-07-03,0.84070176
Peru,2024-07-04,0.84070176
Peru,2024-07-05,0.84070176
Peru,2024-07-06,0.84070176
Peru,2024-07-07,0.84070176
Peru,2024-07-08,0.84070176
Peru,2024-07-09,0.77668893
Peru,2024-07-10,0.77668893
Peru,2024-07-11,0.77668893
Peru,2024-07-12,0.77668893
Peru,2024-07-13,0.77668893
Peru,2024-07-14,0.77668893
Peru,2024-07-15,0.77668893
Peru,2024-07-16,0.6486633
Peru,2024-07-17,0.6486633
Peru,2024-07-18,0.6486633
Peru,2024-07-19,0.6486633
Peru,2024-07-20,0.6486633
Peru,2024-07-21,0.6486633
Peru,2024-07-22,0.6486633
Peru,2024-07-23,0.6145231
Peru,2024-07-24,0.6145231
Peru,2024-07-25,0.6145231
Peru,2024-07-26,0.6145231
Peru,2024-07-27,0.6145231
Peru,2024-07-28,0.6145231
Peru,2024-07-29,0.6145231
Peru,2024-07-30,0.588918
Peru,2024-07-31,0.588918
Peru,2024-08-01,0.588918
Peru,2024-08-02,0.588918
Peru,2024-08-03,0.588918
Peru,2024-08-04,0.588918
Peru,2024-08-05,0.588918
Peru,2024-08-06,0.52063763
Peru,2024-08-07,0.52063763
Peru,2024-08-08,0.52063763
Peru,2024-08-09,0.52063763
Peru,2024-08-10,0.52063763
Peru,2024-08-11,0.52063763
Peru,2024-08-12,0.52063763
Peru,2024-08-13,0.3584718
Peru,2024-08-14,0.3584718
Peru,2024-08-15,0.3584718
Peru,2024-08-16,0.3584718
Peru,2024-08-17,0.3584718
Peru,2024-08-18,0.3584718
Peru,2024-08-19,0.3584718
Peru,2024-08-20,0.28592396
Peru,2024-08-21,0.28592396
Peru,2024-08-22,0.28592396
Peru,2024-08-23,0.28592396
Peru,2024-08-24,0.28592396
Peru,2024-08-25,0.28592396
Peru,2024-08-26,0.28592396
Peru,2024-08-27,0.36273932
Peru,2024-08-28,0.36273932
Peru,2024-08-29,0.36273932
Peru,2024-08-30,0.36273932
Peru,2024-08-31,0.36273932
Peru,2024-09-01,0.36273932
Peru,2024-09-02,0.36273932
Peru,2024-09-03,0.3371342
Peru,2024-09-04,0.3371342
Peru,2024-09-05,0.3371342
Peru,2024-09-06,0.3371342
Peru,2024-09-07,0.3371342
Peru,2024-09-08,0.3371342
Peru,2024-09-09,0.3371342
Peru,2024-09-10,0.17070086
Peru,2024-09-11,0.17070086
Peru,2024-09-12,0.17070086
Peru,2024-09-13,0.17070086
Peru,2024-09-14,0.17070086
Peru,2024-09-15,0.17070086
Peru,2024-09-16,0.17070086
Peru,2024-09-17,0.08535043
Peru,2024-09-18,0.08535043
Peru,2024-09-19,0.08535043
Peru,2024-09-20,0.08535043
Peru,2024-09-21,0.08535043
Peru,2024-09-22,0.08535043
Peru,2024-09-23,0.08535043
Peru,2024-09-24,0.034140173
Peru,2024-09-25,0.034140173
Peru,2024-09-26,0.034140173
Peru,2024-09-27,0.034140173
Peru,2024-09-28,0.034140173
Peru,2024-09-29,0.034140173
Peru,2024-09-30,0.034140173
Peru,2024-10-01,0.10242052
Peru,2024-10-02,0.10242052
Peru,2024-10-03,0.10242052
Peru,2024-10-04,0.10242052
Peru,2024-10-05,0.10242052
Peru,2024-10-06,0.10242052
Peru,2024-10-07,0.10242052
Peru,2024-10-08,0.15363078
Peru,2024-10-09,0.15363078
Peru,2024-10-10,0.15363078
Peru,2024-10-11,0.15363078
Peru,2024-10-12,0.15363078
Peru,2024-10-13,0.15363078
Peru,2024-10-14,0.15363078
Peru,2024-10-15,0.14936325
Peru,2024-10-16,0.14936325
Peru,2024-10-17,0.14936325
Peru,2024-10-18,0.14936325
Peru,2024-10-19,0.14936325
Peru,2024-10-20,0.14936325
Peru,2024-10-21,0.14936325
Peru,2024-10-22,0.19203848
Peru,2024-10-23,0.19203848
Peru,2024-10-24,0.19203848
Peru,2024-10-25,0.19203848
Peru,2024-10-26,0.19203848
Peru,2024-10-27,0.19203848
Peru,2024-10-28,0.19203848
Peru,2024-10-29,0.098152995
Peru,2024-10-30,0.098152995
Peru,2024-10-31,0.098152995
Peru,2024-11-01,0.098152995
Peru,2024-11-02,0.098152995
Peru,2024-11-03,0.098152995
Peru,2024-11-04,0.098152995
Peru,2024-11-05,0.08535043
Peru,2024-11-06,0.08535043
Peru,2024-11-07,0.08535043
Peru,2024-11-08,0.08535043
Peru,2024-11-09,0.08535043
Peru,2024-11-10,0.08535043
Peru,2024-11-11,0.08535043
Peru,2024-11-12,0.08961795
Peru,2024-11-13,0.08961795
Peru,2024-11-14,0.08961795
Peru,2024-11-15,0.08961795
Peru,2024-11-16,0.08961795
Peru,2024-11-17,0.08961795
Peru,2024-11-18,0.08961795
Peru,2024-11-19,0.05547778
Peru,2024-11-20,0.05547778
Peru,2024-11-21,0.05547778
Peru,2024-11-22,0.05547778
Peru,2024-11-23,0.05547778
Peru,2024-11-24,0.05547778
Peru,2024-11-25,0.05547778
Peru,2024-11-26,0
Peru,2024-11-27,0
Peru,2024-11-28,0
Peru,2024-11-29,0
Peru,2024-11-30,0
Peru,2024-12-01,0
Peru,2024-12-02,0
Peru,2024-12-03,0
Peru,2024-12-04,0
Peru,2024-12-05,0
Peru,2024-12-06,0
Peru,2024-12-07,0
Peru,2024-12-08,0
Peru,2024-12-09,0
Peru,2024-12-10,0
Peru,2024-12-11,0
Peru,2024-12-12,0
Peru,2024-12-13,0
Peru,2024-12-14,0
Peru,2024-12-15,0
Peru,2024-12-16,0
Peru,2024-12-17,0
Peru,2024-12-18,0
Peru,2024-12-19,0
Peru,2024-12-20,0
Peru,2024-12-21,0
Peru,2024-12-22,0
Peru,2024-12-23,0
Peru,2024-12-24,0
Peru,2024-12-25,0
Peru,2024-12-26,0
Peru,2024-12-27,0
Peru,2024-12-28,0
Peru,2024-12-29,0
Peru,2024-12-30,0
Peru,2024-12-31,0
Peru,2025-01-01,0
Peru,2025-01-02,0
Peru,2025-01-03,0
Peru,2025-01-04,0
Peru,2025-01-05,0
Peru,2025-01-06,0
Peru,2025-01-07,0
Peru,2025-01-08,0
Peru,2025-01-09,0
Peru,2025-01-10,0
Peru,2025-01-11,0
Peru,2025-01-12,0
Peru,2025-01-13,0
Peru,2025-01-14,0
Peru,2025-01-15,0
Peru,2025-01-16,0
Peru,2025-01-17,0
Peru,2025-01-18,0
Peru,2025-01-19,0
Peru,2025-01-20,0
Peru,2025-01-21,0
Peru,2025-01-22,0
Peru,2025-01-23,0
Peru,2025-01-24,0
Peru,2025-01-25,0
Peru,2025-01-26,0
Peru,2025-01-27,0
Peru,2025-01-28,0
Peru,2025-01-29,0
Peru,2025-01-30,0
Peru,2025-01-31,0
Peru,2025-02-01,0
Peru,2025-02-02,0
Peru,2025-02-03,0
Peru,2025-02-04,0
Peru,2025-02-05,0
Peru,2025-02-06,0
Peru,2025-02-07,0
Peru,2025-02-08,0
Peru,2025-02-09,0
